{
    "normals": [0,0,1,0,0,0.999969,0,0,-1,0,0,-0.999969,-0.52562,-0.850673,0,-0.849422,-0.527665,0,-0.445235,-0.895383,0,0.89526,-0.445479,0,-0.445143,-0.895444,0,-1,0.000305,0,-0.444838,0.895596,0,0.445082,0.895474,0,0.895474,-0.445082,0,-0.445418,-0.895291,0,0.895291,-0.445418,0,0.445418,0.895291,0,-0.895291,0.445418,0,0.444838,-0.895596,0,-0.445021,-0.895505,0,0.895505,-0.445021,0,-0.895383,0.445235,0,0.445936,-0.895047,0,0,-1,0,-0.445936,-0.895047,0,0.445418,-0.895291,0,0.895291,0.445418,0,0.895657,0.444685,0,0.444685,-0.895657,0,0.445143,-0.895444,0,0.895444,0.445143,0,-0.445418,0.895291,0,-0.895291,-0.445418,0,-0.895657,-0.444685,0,-0.444685,0.895657,0,-0.445479,0.89526,0,0.000275,0.999969,0,0.999969,-0.000702,0,0.895474,0.445082,0,-0.000275,1,0,0.895413,-0.445204,0,-0.444838,-0.895596,0,-0.999969,-0.000458,0,-0.797388,0.603442,0,-0.445265,0.895383,0,1,-0.000244,0],
    "name": "MeshGeometry",
    "uvs": [],
    "vertices": [0.495,-0.458952,0.148903,0.494501,-0.457954,0.148903,0.248988,-0.133563,0.148903,0.008965,-0.133563,0.148903,0.254977,-0.458952,0.148903,0.001979,-0.458952,0.148903,-0.493038,0.194821,0.148903,-0.367787,0.36001,0.148903,0.127729,0.36001,0.148903,0.747997,-0.458952,0.148903,0.002478,0.192325,0.148903,-0.237545,0.192325,0.148903,-0.118282,0.034621,0.148903,0.121741,0.034621,0.148903,1.97656,-0.459451,0.148903,1.48104,-0.459451,0.148903,1.23453,-0.134062,0.148903,0.994508,-0.134062,0.148903,1.24102,-0.459451,0.148903,0.988021,-0.459451,0.148903,0.493004,0.194322,0.148903,0.618255,0.359511,0.148903,1.11377,0.359511,0.148903,1.60629,-0.291766,0.148903,1.84632,-0.291766,0.148903,1.23403,0.517215,0.148903,-0.488048,0.517215,0.148903,-0.612301,0.352525,0.148903,-0.736554,0.517215,0.148903,-1.22708,0.517215,0.148903,-1.34634,0.359511,0.148903,-1.09983,0.359511,0.148903,-1.22708,0.191826,0.148903,-1.47359,0.191826,0.148903,-1.83936,-0.291267,0.148903,-1.35283,-0.291267,0.148903,-1.23357,-0.133563,0.148903,-1.47958,-0.133563,0.148903,-1.35233,0.034122,0.148903,-1.10582,0.034122,0.148903,-0.858313,0.361508,0.148903,-0.732063,0.194322,0.148903,-1.09983,-0.291267,0.148903,-0.85981,-0.291267,0.148903,-0.612301,0.036119,0.148903,-0.237545,-0.458952,0.148903,-1.96861,-0.458952,0.148903,-2.09386,-0.293762,0.148903,-1.96961,-0.12957,0.148903,-1.35283,0.6854,0.148903,1.35978,0.6854,0.148903,2.10181,-0.294261,0.148903,0.988021,0.192325,0.148903,0.747997,0.192325,0.148903,0.867261,0.034621,0.148903,1.10728,0.034621,0.148903,0.495,-0.458952,-0.148903,0.494501,-0.457954,-0.148903,0.248988,-0.133563,-0.148903,0.008965,-0.133563,-0.148903,0.254977,-0.458952,-0.148903,0.001979,-0.458952,-0.148903,-0.493038,0.194821,-0.148903,-0.367787,0.36001,-0.148903,0.127729,0.36001,-0.148903,0.747997,-0.458952,-0.148903,0.002478,0.192325,-0.148903,-0.237545,0.192325,-0.148903,-0.118282,0.034621,-0.148903,0.121741,0.034621,-0.148903,1.97656,-0.459451,-0.148903,1.48104,-0.459451,-0.148903,1.23453,-0.134062,-0.148903,0.994508,-0.134062,-0.148903,1.24102,-0.459451,-0.148903,0.988021,-0.459451,-0.148903,0.493004,0.194322,-0.148903,0.618255,0.359511,-0.148903,1.11377,0.359511,-0.148903,1.60629,-0.291766,-0.148903,1.84632,-0.291766,-0.148903,1.23403,0.517215,-0.148903,-0.488048,0.517215,-0.148903,-0.612301,0.352525,-0.148903,-0.736554,0.517215,-0.148903,-1.22708,0.517215,-0.148903,-1.34634,0.359511,-0.148903,-1.09983,0.359511,-0.148903,-1.22708,0.191826,-0.148903,-1.47359,0.191826,-0.148903,-1.83936,-0.291267,-0.148903,-1.35283,-0.291267,-0.148903,-1.23357,-0.133563,-0.148903,-1.47958,-0.133563,-0.148903,-1.35233,0.034122,-0.148903,-1.10582,0.034122,-0.148903,-0.858313,0.361508,-0.148903,-0.732063,0.194322,-0.148903,-1.09983,-0.291267,-0.148903,-0.85981,-0.291267,-0.148903,-0.612301,0.036119,-0.148903,-0.237545,-0.458952,-0.148903,-1.96861,-0.458952,-0.148903,-2.09386,-0.293762,-0.148903,-1.96961,-0.12957,-0.148903,-1.35283,0.6854,-0.148903,1.35978,0.6854,-0.148903,2.10181,-0.294261,-0.148903,0.988021,0.192325,-0.148903,0.747997,0.192325,-0.148903,0.867261,0.034621,-0.148903,1.10728,0.034621,-0.148903,0.495,-0.458952,-0.148903,0.495,-0.458952,0.148903,0.494501,-0.457954,-0.148903,0.494501,-0.457954,0.148903,0.248988,-0.133563,-0.148903,0.248988,-0.133563,0.148903,0.008965,-0.133563,-0.148903,0.008965,-0.133563,0.148903,0.254977,-0.458952,-0.148903,0.254977,-0.458952,0.148903,0.001979,-0.458952,-0.148903,0.001979,-0.458952,0.148903,-0.493038,0.194821,-0.148903,-0.493038,0.194821,0.148903,-0.367787,0.36001,-0.148903,-0.367787,0.36001,0.148903,0.127729,0.36001,-0.148903,0.127729,0.36001,0.148903,0.747997,-0.458952,-0.148903,0.747997,-0.458952,0.148903,0.002478,0.192325,-0.148903,0.002478,0.192325,0.148903,-0.237545,0.192325,-0.148903,-0.237545,0.192325,0.148903,-0.118282,0.034621,-0.148903,-0.118282,0.034621,0.148903,0.121741,0.034621,-0.148903,0.121741,0.034621,0.148903,1.97656,-0.459451,-0.148903,1.97656,-0.459451,0.148903,1.48104,-0.459451,-0.148903,1.48104,-0.459451,0.148903,1.23453,-0.134062,-0.148903,1.23453,-0.134062,0.148903,0.994508,-0.134062,-0.148903,0.994508,-0.134062,0.148903,1.24102,-0.459451,-0.148903,1.24102,-0.459451,0.148903,0.988021,-0.459451,-0.148903,0.988021,-0.459451,0.148903,0.493004,0.194322,-0.148903,0.493004,0.194322,0.148903,0.618255,0.359511,-0.148903,0.618255,0.359511,0.148903,1.11377,0.359511,-0.148903,1.11377,0.359511,0.148903,1.60629,-0.291766,-0.148903,1.60629,-0.291766,0.148903,1.84632,-0.291766,-0.148903,1.84632,-0.291766,0.148903,1.23403,0.517215,-0.148903,1.23403,0.517215,0.148903,-0.488048,0.517215,-0.148903,-0.488048,0.517215,0.148903,-0.612301,0.352525,-0.148903,-0.612301,0.352525,0.148903,-0.736554,0.517215,-0.148903,-0.736554,0.517215,0.148903,-1.22708,0.517215,-0.148903,-1.22708,0.517215,0.148903,-1.34634,0.359511,-0.148903,-1.34634,0.359511,0.148903,-1.09983,0.359511,-0.148903,-1.09983,0.359511,0.148903,-1.22708,0.191826,-0.148903,-1.22708,0.191826,0.148903,-1.47359,0.191826,-0.148903,-1.47359,0.191826,0.148903,-1.83936,-0.291267,-0.148903,-1.83936,-0.291267,0.148903,-1.35283,-0.291267,-0.148903,-1.35283,-0.291267,0.148903,-1.23357,-0.133563,-0.148903,-1.23357,-0.133563,0.148903,-1.47958,-0.133563,-0.148903,-1.47958,-0.133563,0.148903,-1.35233,0.034122,-0.148903,-1.35233,0.034122,0.148903,-1.10582,0.034122,-0.148903,-1.10582,0.034122,0.148903,-0.858313,0.361508,-0.148903,-0.858313,0.361508,0.148903,-0.732063,0.194322,-0.148903,-0.732063,0.194322,0.148903,-1.09983,-0.291267,-0.148903,-1.09983,-0.291267,0.148903,-0.85981,-0.291267,-0.148903,-0.85981,-0.291267,0.148903,-0.612301,0.036119,-0.148903,-0.612301,0.036119,0.148903,-0.237545,-0.458952,-0.148903,-0.237545,-0.458952,0.148903,-1.96861,-0.458952,-0.148903,-1.96861,-0.458952,0.148903,-2.09386,-0.293762,-0.148903,-2.09386,-0.293762,0.148903,-1.96961,-0.12957,-0.148903,-1.96961,-0.12957,0.148903,-1.35283,0.6854,-0.148903,-1.35283,0.6854,0.148903,1.35978,0.6854,-0.148903,1.35978,0.6854,0.148903,2.10181,-0.294261,-0.148903,2.10181,-0.294261,0.148903,0.988021,0.192325,-0.148903,0.988021,0.192325,0.148903,0.747997,0.192325,-0.148903,0.747997,0.192325,0.148903,0.867261,0.034621,-0.148903,0.867261,0.034621,0.148903,1.10728,0.034621,-0.148903,1.10728,0.034621,0.148903],
    "metadata": {
        "normals": 45,
        "generator": "io_three",
        "type": "Geometry",
        "version": 3,
        "uvs": 0,
        "vertices": 224,
        "faces": 168
    },